{
  "lang":"is",
  "name":"pipeline",
  "version":"0.0.0",
  "spacy_version":">=3.5.1,<3.6.0",
  "description":"",
  "author":"",
  "email":"",
  "url":"",
  "license":"",
  "spacy_git_version":"8153bd573",
  "vectors":{
    "width":0,
    "vectors":0,
    "keys":0,
    "name":null,
    "mode":"default"
  },
  "labels":{
    "tok2vec":[

    ],
    "ner":[
      "B-Date",
      "B-Location",
      "B-Miscellaneous",
      "B-Money",
      "B-Organization",
      "B-Percent",
      "B-Person",
      "B-Time",
      "I-Date",
      "I-Location",
      "I-Miscellaneous",
      "I-Money",
      "I-Organization",
      "I-Percent",
      "I-Person",
      "I-Time",
      "O"
    ]
  },
  "pipeline":[
    "tok2vec",
    "ner"
  ],
  "components":[
    "tok2vec",
    "ner"
  ],
  "disabled":[

  ],
  "performance":{
    "ents_f":0.8536767265,
    "ents_p":0.9787937521,
    "ents_r":0.7569211779,
    "ents_per_type":{
      "B-Time":{
        "p":0.9430379747,
        "r":0.9867549669,
        "f":0.9644012945
      },
      "I-Time":{
        "p":0.9732142857,
        "r":0.9732142857,
        "f":0.9732142857
      },
      "O":{
        "p":0.814516129,
        "r":0.0377428999,
        "f":0.0721428571
      },
      "B-Date":{
        "p":0.9774964838,
        "r":0.99002849,
        "f":0.9837225761
      },
      "B-Person":{
        "p":0.992757372,
        "r":0.9886656363,
        "f":0.9907072793
      },
      "I-Person":{
        "p":0.9858078603,
        "r":0.9933993399,
        "f":0.9895890411
      },
      "B-Miscellaneous":{
        "p":0.9720194647,
        "r":0.9591836735,
        "f":0.9655589124
      },
      "I-Miscellaneous":{
        "p":0.9642857143,
        "r":0.9346153846,
        "f":0.94921875
      },
      "B-Location":{
        "p":0.987962963,
        "r":0.9788990826,
        "f":0.9834101382
      },
      "B-Organization":{
        "p":0.9762357414,
        "r":0.9827751196,
        "f":0.979494516
      },
      "B-Money":{
        "p":0.9863013699,
        "r":0.9795918367,
        "f":0.9829351536
      },
      "I-Money":{
        "p":0.9801324503,
        "r":1.0,
        "f":0.9899665552
      },
      "I-Date":{
        "p":0.981865285,
        "r":0.9768041237,
        "f":0.9793281654
      },
      "I-Organization":{
        "p":0.9708939709,
        "r":0.966873706,
        "f":0.968879668
      },
      "B-Percent":{
        "p":0.9886363636,
        "r":0.9886363636,
        "f":0.9886363636
      },
      "I-Location":{
        "p":0.9795918367,
        "r":0.9795918367,
        "f":0.9795918367
      },
      "I-Percent":{
        "p":1.0,
        "r":0.8181818182,
        "f":0.9
      }
    },
    "tok2vec_loss":651.3685354846,
    "ner_loss":16774.8995046826
  }
}