{
  "lang":"is",
  "name":"pipeline",
  "version":"0.0.0",
  "spacy_version":">=3.5.1,<3.6.0",
  "description":"",
  "author":"",
  "email":"",
  "url":"",
  "license":"",
  "spacy_git_version":"8153bd573",
  "vectors":{
    "width":0,
    "vectors":0,
    "keys":0,
    "name":null,
    "mode":"default"
  },
  "labels":{
    "tok2vec":[

    ],
    "ner":[
      "B-Date",
      "B-Location",
      "B-Miscellaneous",
      "B-Money",
      "B-Organization",
      "B-Percent",
      "B-Person",
      "B-Time",
      "I-Date",
      "I-Location",
      "I-Miscellaneous",
      "I-Money",
      "I-Organization",
      "I-Percent",
      "I-Person",
      "I-Time",
      "O"
    ]
  },
  "pipeline":[
    "tok2vec",
    "ner"
  ],
  "components":[
    "tok2vec",
    "ner"
  ],
  "disabled":[

  ],
  "performance":{
    "ents_f":0.8566880565,
    "ents_p":0.9828786668,
    "ents_r":0.7592135426,
    "ents_per_type":{
      "B-Time":{
        "p":0.9933333333,
        "r":0.9867549669,
        "f":0.9900332226
      },
      "I-Time":{
        "p":0.9824561404,
        "r":1.0,
        "f":0.9911504425
      },
      "O":{
        "p":0.7580645161,
        "r":0.0351270553,
        "f":0.0671428571
      },
      "B-Date":{
        "p":0.9856527977,
        "r":0.9786324786,
        "f":0.9821300929
      },
      "B-Person":{
        "p":0.9857215706,
        "r":0.9958784132,
        "f":0.9907739621
      },
      "I-Person":{
        "p":0.9869423286,
        "r":0.99779978,
        "f":0.9923413567
      },
      "B-Miscellaneous":{
        "p":0.9816625917,
        "r":0.9639855942,
        "f":0.9727437916
      },
      "I-Miscellaneous":{
        "p":0.9841897233,
        "r":0.9576923077,
        "f":0.9707602339
      },
      "B-Location":{
        "p":0.9880404784,
        "r":0.9853211009,
        "f":0.9866789159
      },
      "B-Organization":{
        "p":0.9818007663,
        "r":0.980861244,
        "f":0.9813307803
      },
      "B-Money":{
        "p":0.9731543624,
        "r":0.9863945578,
        "f":0.9797297297
      },
      "I-Money":{
        "p":0.9865771812,
        "r":0.9932432432,
        "f":0.9898989899
      },
      "I-Date":{
        "p":0.9895287958,
        "r":0.9742268041,
        "f":0.9818181818
      },
      "I-Organization":{
        "p":0.9957264957,
        "r":0.9648033126,
        "f":0.9800210305
      },
      "B-Percent":{
        "p":1.0,
        "r":1.0,
        "f":1.0
      },
      "I-Location":{
        "p":1.0,
        "r":0.9693877551,
        "f":0.9844559585
      },
      "I-Percent":{
        "p":1.0,
        "r":0.9090909091,
        "f":0.9523809524
      }
    },
    "tok2vec_loss":500.3949388154,
    "ner_loss":16641.7113650406
  }
}