{
  "lang":"is",
  "name":"pipeline",
  "version":"0.0.0",
  "spacy_version":">=3.5.1,<3.6.0",
  "description":"",
  "author":"",
  "email":"",
  "url":"",
  "license":"",
  "spacy_git_version":"8153bd573",
  "vectors":{
    "width":0,
    "vectors":0,
    "keys":0,
    "name":null,
    "mode":"default"
  },
  "labels":{
    "tok2vec":[

    ],
    "ner":[
      "B-Date",
      "B-Location",
      "B-Miscellaneous",
      "B-Money",
      "B-Organization",
      "B-Percent",
      "B-Person",
      "B-Time",
      "I-Date",
      "I-Location",
      "I-Miscellaneous",
      "I-Money",
      "I-Organization",
      "I-Percent",
      "I-Person",
      "I-Time",
      "O"
    ]
  },
  "pipeline":[
    "tok2vec",
    "ner"
  ],
  "components":[
    "tok2vec",
    "ner"
  ],
  "disabled":[

  ],
  "performance":{
    "ents_f":0.9863267692,
    "ents_p":0.9881137566,
    "ents_r":0.9845462337,
    "ents_per_type":{
      "O":{
        "p":0.9839924022,
        "r":0.9783902886,
        "f":0.9811833491
      },
      "B-Person":{
        "p":0.9973400887,
        "r":0.998351718,
        "f":0.9978456469
      },
      "B-Organization":{
        "p":0.9959358289,
        "r":0.9976430255,
        "f":0.9967886962
      },
      "B-Location":{
        "p":0.9967497291,
        "r":0.9978308026,
        "f":0.9972899729
      },
      "I-Person":{
        "p":0.9974186887,
        "r":0.9974186887,
        "f":0.9974186887
      },
      "B-Date":{
        "p":0.9960868018,
        "r":0.9989297182,
        "f":0.9975062344
      },
      "I-Date":{
        "p":0.9988290398,
        "r":0.9947521866,
        "f":0.9967864446
      },
      "B-Miscellaneous":{
        "p":0.99625,
        "r":0.9916018663,
        "f":0.9939204988
      },
      "B-Money":{
        "p":1.0,
        "r":0.9965635739,
        "f":0.9982788296
      },
      "I-Money":{
        "p":0.9938080495,
        "r":1.0,
        "f":0.9968944099
      },
      "I-Organization":{
        "p":0.9973890339,
        "r":0.9939288812,
        "f":0.9956559513
      },
      "I-Miscellaneous":{
        "p":0.9909624944,
        "r":0.994106981,
        "f":0.9925322471
      },
      "B-Time":{
        "p":0.9906396256,
        "r":0.998427673,
        "f":0.9945184025
      },
      "I-Time":{
        "p":0.9933774834,
        "r":1.0,
        "f":0.9966777409
      },
      "B-Percent":{
        "p":0.995,
        "r":0.9974937343,
        "f":0.9962453066
      },
      "I-Location":{
        "p":0.9906976744,
        "r":0.9976580796,
        "f":0.9941656943
      },
      "I-Percent":{
        "p":1.0,
        "r":0.9772727273,
        "f":0.9885057471
      }
    },
    "tok2vec_loss":2129.8673155795,
    "ner_loss":7070.1521935823
  }
}