{
  "lang":"is",
  "name":"pipeline",
  "version":"0.0.0",
  "spacy_version":">=3.5.1,<3.6.0",
  "description":"",
  "author":"",
  "email":"",
  "url":"",
  "license":"",
  "spacy_git_version":"8153bd573",
  "vectors":{
    "width":0,
    "vectors":0,
    "keys":0,
    "name":null,
    "mode":"default"
  },
  "labels":{
    "tok2vec":[

    ],
    "ner":[
      "B-Date",
      "B-Location",
      "B-Miscellaneous",
      "B-Money",
      "B-Organization",
      "B-Percent",
      "B-Person",
      "B-Time",
      "I-Date",
      "I-Location",
      "I-Miscellaneous",
      "I-Money",
      "I-Organization",
      "I-Percent",
      "I-Person",
      "I-Time",
      "O"
    ]
  },
  "pipeline":[
    "tok2vec",
    "ner"
  ],
  "components":[
    "tok2vec",
    "ner"
  ],
  "disabled":[

  ],
  "performance":{
    "ents_f":0.9869977006,
    "ents_p":0.9877728061,
    "ents_r":0.9862238107,
    "ents_per_type":{
      "O":{
        "p":0.9832896596,
        "r":0.9808673993,
        "f":0.9820770359
      },
      "B-Person":{
        "p":0.9970904491,
        "r":0.9993660454,
        "f":0.9982269504
      },
      "B-Organization":{
        "p":0.9950844197,
        "r":0.9976430255,
        "f":0.99636208
      },
      "B-Location":{
        "p":0.99847793,
        "r":0.9960954447,
        "f":0.9972852644
      },
      "I-Person":{
        "p":0.9992242048,
        "r":0.9974186887,
        "f":0.9983206304
      },
      "B-Date":{
        "p":0.9978556112,
        "r":0.9960756333,
        "f":0.9969648277
      },
      "I-Date":{
        "p":0.9976635514,
        "r":0.9959183673,
        "f":0.9967901955
      },
      "B-Miscellaneous":{
        "p":0.9962558502,
        "r":0.9931570762,
        "f":0.9947040498
      },
      "B-Money":{
        "p":0.9931740614,
        "r":1.0,
        "f":0.9965753425
      },
      "I-Money":{
        "p":0.9953416149,
        "r":0.9984423676,
        "f":0.9968895801
      },
      "I-Organization":{
        "p":0.996532293,
        "r":0.9969644406,
        "f":0.99674832
      },
      "I-Miscellaneous":{
        "p":0.9950226244,
        "r":0.9968268359,
        "f":0.995923913
      },
      "B-Time":{
        "p":0.9968404423,
        "r":0.9921383648,
        "f":0.9944838455
      },
      "I-Time":{
        "p":0.9917218543,
        "r":0.9983333333,
        "f":0.9950166113
      },
      "B-Percent":{
        "p":0.992481203,
        "r":0.992481203,
        "f":0.992481203
      },
      "I-Location":{
        "p":0.9837587007,
        "r":0.9929742389,
        "f":0.9883449883
      },
      "I-Percent":{
        "p":1.0,
        "r":0.9545454545,
        "f":0.976744186
      }
    },
    "tok2vec_loss":2175.4544675428,
    "ner_loss":8471.6028906377
  }
}